{
  "game": "minecraft",
  "formatVersion": 1,
  "versionId": "1.0",
  "name": "Better  galaxies",
  "summary": "",
  "files": [
    {
      "path": "mods/BetterPingDisplay-1.12.2-1.0.jar",
      "hashes": {
        "sha512": "41dd8e8b2be68f473ce8479d165a868157c26daf6853ffd63ce2fa02c3121b99a8ff6c655a0d6611665d927d9f165e120f01845204f55a01a06c845edd3657a0",
        "sha1": "d66bc5d919fe28ffdd8719ad1c7e158a128d6838"
      },
      "env": {
        "client": "required",
        "server": "required"
      },
      "downloads": [
        "https://cdn.modrinth.com/data/ZvaHbwoZ/versions/rUWL8L6x/BetterPingDisplay-1.12.2-1.0.jar"
      ],
      "fileSize": 10689
    },
    {
      "path": "mods/Hwyla-1.8.26-B41_1.12.2.jar",
      "hashes": {
        "sha512": "a67144200a961d9786408244cd8639dbe3317346e95450a8eb8a904bf2bf41c2dcea402fd98b5a43e6791f1af017f34486e739ba0974545eb4c102c5835138e1",
        "sha1": "7280d5c0dab42436549bcefc63ff64a1049e5501"
      },
      "env": {
        "client": "required",
        "server": "required"
      },
      "downloads": [
        "https://cdn.modrinth.com/data/kr1RaEqy/versions/pgcAdhbb/Hwyla-1.8.26-B41_1.12.2.jar"
      ],
      "fileSize": 453778
    },
    {
      "path": "mods/AppleSkin-mc1.12-1.0.14.jar",
      "hashes": {
        "sha1": "d798af79de48be0f00c772943e5ec5a2fb5659fa",
        "sha512": "f5dad2a4fe9034e7db01e3484b27bd11711019ba8b1962b8ed506a15ccf3563aec515beb093106381f25c240e4f6a16df23ab99246b729fcccf16391d1ec1b52"
      },
      "env": {
        "client": "required",
        "server": "required"
      },
      "downloads": [
        "https://cdn.modrinth.com/data/EsAfCjCV/versions/Tsz4BT2X/AppleSkin-mc1.12-1.0.14.jar"
      ],
      "fileSize": 33683
    },
    {
      "path": "mods/!mixinbooter-8.8.jar",
      "hashes": {
        "sha512": "6c1af2d8b44d6c2c3a3b36f54137c2267e2cedaa8f7603faba23274180bb4a5f9814aa055697468feb311da78f5d61a1d71b1e935172b0fe8526936e50e3bb17",
        "sha1": "35b7983a3372e924f4df65e09cada918957a1245"
      },
      "env": {
        "server": "required",
        "client": "required"
      },
      "downloads": [
        "https://cdn.modrinth.com/data/G1ckZuWK/versions/M0696XQl/%21mixinbooter-8.8.jar"
      ],
      "fileSize": 1729097
    },
    {
      "path": "mods/Mantle-1.12-1.3.3.55.jar",
      "hashes": {
        "sha1": "a1e5d5c197dae3e92637cafb8cd996185191165b",
        "sha512": "3ff6e2ef2eaa0ea5c1cf0d30dc35cec65b92f1eb2bb9f1261a6c97755e7cc24b80a6902f354d9b88ae58f0a03077b74a35ecce494705a551c769d102b1c397c3"
      },
      "env": {
        "server": "required",
        "client": "required"
      },
      "downloads": [
        "https://cdn.modrinth.com/data/Cg6Uc79H/versions/XPQUzjYi/Mantle-1.12-1.3.3.55.jar"
      ],
      "fileSize": 843486
    },
    {
      "path": "mods/konkrete_forge_1.6.1_MC_1.12-1.12.2.jar",
      "hashes": {
        "sha1": "d8853dbd60fd050709d2d687d875cb0d93806e92",
        "sha512": "e7c53957dacc9ab66b44315df77dd63497a35f1e8610de0dc6ed8b80d37d778085802d5736e96e059c29d234ec142f9167c90d9ced31120999f6921827e68841"
      },
      "env": {
        "client": "required",
        "server": "required"
      },
      "downloads": [
        "https://cdn.modrinth.com/data/J81TRJWm/versions/Nmo9ggyx/konkrete_forge_1.6.1_MC_1.12-1.12.2.jar"
      ],
      "fileSize": 618150
    },
    {
      "path": "mods/Patchouli-1.0-23.6.jar",
      "hashes": {
        "sha512": "d8bba4e3894081436d4d61f79e4238a3ea5da89b9147090f3ae0feeb3b3fa2088053f1f84fe8cb3b9e317546ec3a7298d966c2d15c0b8d6a4fb9e8f9e5dc5969",
        "sha1": "0febe14bdd007b13f6089a16a57d90e44646f041"
      },
      "env": {
        "client": "required",
        "server": "required"
      },
      "downloads": [
        "https://cdn.modrinth.com/data/nU0bVIaL/versions/1.0-23.6/Patchouli-1.0-23.6.jar"
      ],
      "fileSize": 472464
    },
    {
      "path": "mods/entityculling-1.12.2-1.6.3.jar",
      "hashes": {
        "sha512": "97c4def2a2979a0ba61c0fb016762756cf8361cdff651558dbb91cbe3d8627c388436d31ec2b93ff62df99a7ff589033184db4e6f298f4b8fdd4acf4c83ba202",
        "sha1": "fb22f03b297ca7b1bb7c6d5948e46c12e0a24446"
      },
      "env": {
        "server": "required",
        "client": "required"
      },
      "downloads": [
        "https://cdn.modrinth.com/data/NNAgCjsB/versions/knltv3Vh/entityculling-1.12.2-1.6.3.jar"
      ],
      "fileSize": 41478
    },
    {
      "path": "mods/jei_1.12.2-4.16.1.1012.jar",
      "hashes": {
        "sha1": "a6d04d7e161d9af5c0e7077f649e30815927f14a",
        "sha512": "1e4d5b718fbb815abae9a105863e2ab4eec59a79bd9f43304a17d57b1e0097386cf7a19c10aa1eaf5c56c7e8ac8986ccaffa58711e0eb7f64d6f3f35f6bc3a72"
      },
      "env": {
        "client": "required",
        "server": "required"
      },
      "downloads": [
        "https://cdn.modrinth.com/data/u6dRKJwZ/versions/wApjCep8/jei_1.12.2-4.16.1.1012.jar"
      ],
      "fileSize": 649218
    },
    {
      "path": "mods/HammerLib-1.12.2-12.2.50.jar",
      "hashes": {
        "sha1": "48f153cfe8b6f71c5658fddd8905c17b4750f137",
        "sha512": "f61d6f9dafd5f49b434f2382298bac14bdb841f7c44772bb6d45e4a79e67c0356d91e24e3e542221c82f50b900b4e7878c71185febd893a822693ccb695a857d"
      },
      "env": {
        "client": "required",
        "server": "required"
      },
      "downloads": [
        "https://cdn.modrinth.com/data/PlkSuVtM/versions/bOtolRGl/HammerLib-1.12.2-12.2.50.jar"
      ],
      "fileSize": 2539358
    },
    {
      "path": "mods/Clumps-3.1.2.jar",
      "hashes": {
        "sha512": "2a72aa558da9a214e209bd7d8903aa9cbc7e9d54665097b2770ae9cb4113f101ff52d04b9459510cede3aa33ed535111a1e9b26e38f334b7fa768e5ab59ce0ad",
        "sha1": "6ea78bea8006e3924bc37c2aef0115134c8af07b"
      },
      "env": {
        "client": "required",
        "server": "required"
      },
      "downloads": [
        "https://cdn.modrinth.com/data/Wnxd13zP/versions/nZvGITpT/Clumps-3.1.2.jar"
      ],
      "fileSize": 13792
    },
    {
      "path": "mods/aether-1.12.2-v1.5.4.0.jar",
      "hashes": {
        "sha1": "2c016c60a0ad281f8a5559afe27cd03607b6af0e",
        "sha512": "9dc6a7cfed556370bb993e83015c5ae43f3cfbae82380ee8cfd62f1e5f1d3067546e36f08eee018dcc456f80a634136cd58c6c0533d09d4bd6c98d916cb3ea13"
      },
      "env": {
        "server": "required",
        "client": "required"
      },
      "downloads": [
        "https://cdn.modrinth.com/data/YhmgMVyu/versions/QFs0l4dS/aether-1.12.2-v1.5.4.0.jar"
      ],
      "fileSize": 14740004
    },
    {
      "path": "mods/fancymenu_forge_2.14.9_MC_1.12-1.12.2.jar",
      "hashes": {
        "sha1": "b85302e855530f799697b2850e70293111f0cdbe",
        "sha512": "a1be989a0f36165c28a40f5a41f71446164ab48c7ccf1279a39f692a266b2eb2fcafebd5bc648cff783b1443c445d13eed640f1777dafe8e35a6bb7bdf5b6983"
      },
      "env": {
        "server": "required",
        "client": "required"
      },
      "downloads": [
        "https://cdn.modrinth.com/data/Wq5SjeWM/versions/VCIrxpB6/fancymenu_forge_2.14.9_MC_1.12-1.12.2.jar"
      ],
      "fileSize": 1260832
    },
    {
      "path": "mods/ExpandedEquivalence-1.12.2-12.3.17.jar",
      "hashes": {
        "sha512": "8c6c478f5ded79192a8df6400d362259dd7837c05eafb53bb5762bda5af499cb0d0f7ce6e218c84071068561a6aee27a5cfd154d498431795c84ae3fa0c041d0",
        "sha1": "d9158c45540739561aa927cba1aab65f185dd366"
      },
      "env": {
        "client": "required",
        "server": "required"
      },
      "downloads": [
        "https://cdn.modrinth.com/data/tT70rEVv/versions/X2NFGnaq/ExpandedEquivalence-1.12.2-12.3.17.jar"
      ],
      "fileSize": 84687
    },
    {
      "path": "mods/3dSkinLayers-forge-mc1.12.2-1.2.0.jar",
      "hashes": {
        "sha1": "332db9675de67c5f84b1b0e4f398b5fbe9b6ed56",
        "sha512": "8cedce30bdcab3c1188002337254bff59fdd5fb70ae0e84a93795c778d0f9661f667b19b2e7df87c98b432e86f01d79a46ddba1190b29eab0f88bd7677d6c6af"
      },
      "env": {
        "client": "required",
        "server": "required"
      },
      "downloads": [
        "https://cdn.modrinth.com/data/zV5r3pPn/versions/1.2.0-forge-1.12.2/3dSkinLayers-forge-mc1.12.2-1.2.0.jar"
      ],
      "fileSize": 1429429
    },
    {
      "path": "mods/XaerosWorldMap_1.38.8_Forge_1.12.jar",
      "hashes": {
        "sha1": "749d5912e802aab1cbab162a9023511792d1399d",
        "sha512": "535b53d443896f7f8249f0025bf4062ec305dbb0b447ce65e9a6ce6bec3ebd0fc6fa73aa2f1d317699d20e882b29fd2cd6484c271914a7d175d8e67dc2df5968"
      },
      "env": {
        "client": "required",
        "server": "required"
      },
      "downloads": [
        "https://cdn.modrinth.com/data/NcUtCpym/versions/3vzQ401W/XaerosWorldMap_1.38.8_Forge_1.12.jar"
      ],
      "fileSize": 849632
    },
    {
      "path": "mods/Xaeros_Minimap_24.2.0_Forge_1.12.jar",
      "hashes": {
        "sha512": "00f259a4a03870d68c4309a357985609da61ee89b42920eaadfd8ccbce18347a3bc9cd93e3e4fc1dc53bd2f698ac99ee7419f4ffeed2ea549cc97193254e39db",
        "sha1": "bafed63dc8b7679e2bb133d2c9ae63f5dc363d55"
      },
      "env": {
        "client": "required",
        "server": "required"
      },
      "downloads": [
        "https://cdn.modrinth.com/data/1bokaNcj/versions/quthv9KV/Xaeros_Minimap_24.2.0_Forge_1.12.jar"
      ],
      "fileSize": 1640395
    },
    {
      "path": "mods/TConstruct-1.12.2-2.13.0.183.jar",
      "hashes": {
        "sha1": "e37e1f05ad0eaf567497ce655bc877dc1778bd0f",
        "sha512": "84c41a667b88b991562b005383b211e877c10fc6e442d5d9fff7f771795d71bf69836fa069effa9effea7d079499ec63517a764fa92eaf206c57d3b1406f9f1c"
      },
      "env": {
        "server": "required",
        "client": "required"
      },
      "downloads": [
        "https://cdn.modrinth.com/data/rxIIYO6c/versions/mNZUIBbe/TConstruct-1.12.2-2.13.0.183.jar"
      ],
      "fileSize": 4023372
    },
    {
      "path": "mods/EnchantmentDescriptions-1.12.2-1.1.15.jar",
      "hashes": {
        "sha512": "c89f45b30e9966bc5cb72adca491b03f98b2c70ea5b590d6b0ab5c0e84d2d75772f72bdf56eafeb4681dd5e835a83fbdb052ba6a58c1ca23132029c2b87ec9ef",
        "sha1": "51ba50251c2821c8fe22a6918bab8f87cb7a75c0"
      },
      "env": {
        "server": "required",
        "client": "required"
      },
      "downloads": [
        "https://cdn.modrinth.com/data/UVtY3ZAC/versions/qUEJlzny/EnchantmentDescriptions-1.12.2-1.1.15.jar"
      ],
      "fileSize": 17073
    }
  ],
  "dependencies": {
    "minecraft": "1.12.2",
    "forge": "14.23.5.2860"
  }
}